{"cameraMode":{"drawMode":0,"name":"Shaded","section":"Shading Mode"},"sceneLighting":false,"audioPlay":false,"sceneViewState":{"showFog":true,"showMaterialUpdate":false,"showSkybox":false,"showFlares":true,"showImageEffects":true,"showParticleSystems":true},"in2DMode":false,"pivot":{"x":-0.5,"y":1.399999976158142,"z":-4.510000228881836},"rotation":{"x":-0.034836165606975558,"y":0.04134137183427811,"z":0.003420096356421709,"w":0.9985368251800537},"size":3.6374919414520265,"orthographic":false}