{"cameraMode":{"drawMode":0,"name":"Shaded","section":"Shading Mode"},"sceneLighting":false,"audioPlay":false,"sceneViewState":{"showFog":true,"showMaterialUpdate":false,"showSkybox":false,"showFlares":true,"showImageEffects":true,"showParticleSystems":true},"in2DMode":false,"pivot":{"x":0.014999866485595703,"y":0.0,"z":2.4200000762939455},"rotation":{"x":0.3217312693595886,"y":0.4307011663913727,"z":-0.16519813239574433,"w":0.826870322227478},"size":31.769290924072267,"orthographic":false}